Cliente_ID,Edad,Genero,Saldo,Activo,Nivel_de_Satisfaccion
1,24,desconocido,72700,Si,4
2,52,Femenino,15085,Si,2
7,51,Femenino,72154,Si,3
9,71,Femenino,97449,Si,3
11,31,Masculino,1707,Si,1
12,49,Masculino,0,Si,2
13,42,Masculino,88075,Si,1
14,49,Masculino,31729,Si,2
16,77,Femenino,71186,Si,4
17,79,Femenino,92472,Si,3
18,77,Masculino,99908,Si,4
20,73,Masculino,74289,Si,4
25,34,Femenino,82432,Si,3
29,35,Masculino,32650,Si,3
30,26,Femenino,86694,Si,2
31,72,Masculino,93619,Si,5
33,62,Masculino,0,Si,1
35,34,Masculino,58987,Si,1
36,61,Femenino,98990,Si,3
37,50,Femenino,19014,Si,3
39,49,Femenino,40418,Si,5
41,49,Masculino,66988,Si,3
45,61,Femenino,57954,Si,3
47,38,Femenino,48298,Si,1
48,73,Femenino,30304,Si,2
52,76,desconocido,14262,Si,2
54,35,Femenino,20927,Si,5
58,49,Femenino,73338,Si,1
59,72,Femenino,59080,Si,2
60,35,Masculino,26269,Si,5
61,46,Masculino,65801,Si,1
62,74,Masculino,90969,Si,3
63,51,Femenino,86440,Si,1
66,73,Masculino,20793,Si,5
72,60,Masculino,66552,Si,4
74,41,desconocido,0,Si,5
79,26,Femenino,8643,Si,2
80,71,Femenino,0,Si,1
87,76,Masculino,30912,Si,3
89,72,Masculino,0,Si,4
90,49,desconocido,12236,Si,2
92,49,Femenino,91122,Si,5
93,61,Masculino,62434,Si,3
95,40,Femenino,79817,Si,2
98,72,Femenino,51393,Si,3
103,52,Femenino,95460,Si,2
110,33,Masculino,7474,Si,4
112,31,Masculino,35107,Si,2
113,51,Masculino,97420,Si,1
114,58,Femenino,21474,Si,2
116,67,Masculino,36599,Si,2
119,79,Masculino,23007,Si,1
120,40,Femenino,99673,Si,3
122,25,Masculino,0,Si,5
125,19,Masculino,71465,Si,5
128,41,Masculino,6921,Si,5
129,25,Masculino,27860,Si,2
131,22,Masculino,72973,Si,3
132,66,Femenino,59343,Si,2
133,33,Masculino,33789,Si,1
135,71,Femenino,12028,Si,3
136,50,Femenino,29633,Si,4
137,63,Femenino,86593,Si,3
151,59,Masculino,25846,Si,5
153,37,Masculino,93552,Si,4
155,23,Femenino,80967,Si,4
157,57,Femenino,90435,Si,1
158,28,Femenino,98133,Si,3
160,43,desconocido,89123,Si,3
163,52,Masculino,48583,Si,1
164,74,Femenino,87552,Si,3
166,45,Masculino,29725,Si,2
172,65,desconocido,59293,Si,2
175,45,Femenino,20534,Si,5
176,49,Femenino,80322,Si,2
177,58,Femenino,28112,Si,2
178,67,Masculino,0,Si,2
180,32,Femenino,78966,Si,3
181,38,Masculino,1598,Si,1
182,21,Femenino,24121,Si,3
188,61,desconocido,0,Si,1
189,49,Femenino,84255,Si,4
190,27,Femenino,28425,Si,5
192,21,Femenino,33219,Si,2
193,78,Masculino,69923,Si,4
195,79,Masculino,13423,Si,4
197,25,Femenino,93009,Si,5
199,43,desconocido,36056,Si,5
200,63,Masculino,33564,Si,4
204,51,Femenino,95623,Si,5
206,61,Masculino,10225,Si,5
208,24,Masculino,25657,Si,3
210,77,Femenino,40656,Si,1
212,60,Masculino,58485,Si,2
213,54,desconocido,94687,Si,5
216,18,Femenino,32907,Si,2
217,75,Masculino,37168,Si,5
218,46,Masculino,56915,Si,2
219,49,desconocido,86331,Si,2
220,71,Femenino,5634,Si,3
224,24,Masculino,14447,Si,3
228,58,Masculino,0,Si,4
235,48,Femenino,41050,Si,3
237,65,Femenino,1104,Si,3
238,71,Femenino,13536,Si,3
246,25,Femenino,10731,Si,5
247,49,Femenino,84201,Si,3
249,48,Masculino,58267,Si,5
251,75,Masculino,15327,Si,4
253,35,desconocido,39694,Si,1
254,56,Masculino,0,Si,1
256,25,Masculino,74492,Si,1
258,46,Femenino,22207,Si,3
259,60,desconocido,61886,Si,3
260,76,Masculino,83882,Si,5
267,39,Femenino,24605,Si,3
269,58,Masculino,7352,Si,3
270,32,Femenino,16200,Si,5
271,22,Femenino,20772,Si,3
274,22,desconocido,69536,Si,3
275,71,Femenino,80100,Si,2
279,48,Masculino,74059,Si,3
282,36,Femenino,19043,Si,1
283,28,Femenino,84142,Si,5
285,49,Masculino,3926,Si,5
287,49,Femenino,63616,Si,2
290,25,desconocido,42224,Si,1
292,33,Femenino,88257,Si,3
293,66,Femenino,11207,Si,4
294,72,Femenino,54433,Si,4
295,63,Femenino,0,Si,2
296,72,Femenino,63755,Si,4
297,69,Femenino,12499,Si,5
298,57,Femenino,88077,Si,3
300,43,Masculino,5296,Si,3
308,66,Masculino,1083,Si,1
309,50,Masculino,47311,Si,3
310,78,Masculino,81359,Si,4
311,22,Femenino,3521,Si,5
312,19,Femenino,23076,Si,3
313,27,Masculino,0,Si,4
317,44,Femenino,94413,Si,2
318,59,Masculino,60314,Si,5
322,40,Femenino,64046,Si,3
323,52,Femenino,2279,Si,1
327,52,Masculino,37559,Si,4
328,79,Femenino,89982,Si,3
329,49,Femenino,68142,Si,4
332,76,Femenino,35806,Si,4
333,49,Femenino,71804,Si,3
335,75,Masculino,57244,Si,2
336,30,Masculino,24488,Si,5
338,19,Masculino,79115,Si,3
339,47,desconocido,32674,Si,3
340,58,Femenino,57687,Si,2
343,54,Femenino,18581,Si,4
351,52,desconocido,50368,Si,2
352,33,Masculino,36074,Si,3
359,35,Femenino,67595,Si,2
361,35,Masculino,96312,Si,5
364,53,Masculino,45848,Si,3
367,39,Femenino,82078,Si,2
371,43,desconocido,0,Si,5
372,18,Masculino,48386,Si,1
373,78,Femenino,89331,Si,5
377,63,desconocido,83083,Si,2
379,72,Femenino,3602,Si,3
382,19,Femenino,40535,Si,5
384,44,Masculino,34752,Si,5
385,30,Femenino,0,Si,3
386,22,Femenino,0,Si,3
387,33,Masculino,43026,Si,1
388,66,Masculino,84671,Si,3
389,73,Masculino,14214,Si,4
390,18,Femenino,92309,Si,4
391,53,Femenino,15104,Si,4
395,43,Masculino,59068,Si,3
396,49,Femenino,59695,Si,3
397,49,desconocido,44525,Si,2
398,24,Masculino,21363,Si,1
400,34,Femenino,54390,Si,2
402,20,Masculino,52362,Si,2
405,21,Femenino,0,Si,3
410,40,Femenino,82988,Si,2
414,30,Masculino,96902,Si,3
415,73,Femenino,4461,Si,2
419,37,Masculino,64079,Si,4
423,32,Femenino,90592,Si,5
424,47,Femenino,69026,Si,3
427,33,Masculino,82361,Si,3
433,62,Femenino,41019,Si,5
435,49,Masculino,43027,Si,5
437,45,Femenino,36103,Si,3
439,55,Masculino,69389,Si,3
440,51,Masculino,92349,Si,3
442,77,Femenino,66807,Si,3
443,36,Masculino,81485,Si,3
444,43,Femenino,90806,Si,4
447,29,Femenino,46766,Si,2
450,29,Femenino,22971,Si,5
454,68,Masculino,64631,Si,5
462,73,Masculino,87656,Si,5
463,40,Masculino,50950,Si,1
464,74,Femenino,42587,Si,5
467,25,desconocido,96661,Si,5
469,45,Femenino,61972,Si,1
471,51,Masculino,55209,Si,1
473,31,Femenino,85300,Si,2
475,34,Masculino,20352,Si,5
477,49,Masculino,23216,Si,3
479,68,Masculino,0,Si,5
481,78,Masculino,42600,Si,1
483,76,Femenino,94419,Si,3
489,79,Femenino,15686,Si,3
491,65,Masculino,3495,Si,3
492,18,Masculino,2991,Si,3
493,64,desconocido,76724,Si,2
496,63,Femenino,77149,Si,3
497,48,Femenino,42841,Si,3
501,73,Femenino,49489,Si,4
503,43,Femenino,94630,Si,4
505,49,Masculino,86290,Si,4
506,24,Masculino,99444,Si,5
507,36,Masculino,52942,Si,2
510,48,desconocido,0,Si,4
511,56,Masculino,34813,Si,3
513,34,Masculino,22099,Si,3
516,27,Masculino,47089,Si,1
522,49,Femenino,81133,Si,3
523,53,Masculino,8076,Si,3
524,57,Femenino,10805,Si,3
525,73,Femenino,74123,Si,2
526,68,Masculino,49052,Si,1
527,31,Masculino,86220,Si,5
528,63,Femenino,54174,Si,2
530,77,Femenino,0,Si,3
531,49,Femenino,58683,Si,4
534,73,Femenino,31820,Si,4
535,51,Masculino,60637,Si,5
536,46,Masculino,61705,Si,3
537,54,Femenino,95890,Si,5
538,54,Masculino,39017,Si,4
539,38,Masculino,14980,Si,2
540,46,Masculino,65277,Si,2
541,43,Femenino,63707,Si,3
543,50,Femenino,44619,Si,5
544,59,Femenino,39439,Si,4
553,26,Femenino,90072,Si,5
554,65,Masculino,59936,Si,2
555,68,Femenino,89998,Si,4
556,51,Femenino,25127,Si,5
560,22,Masculino,79869,Si,4
561,58,Femenino,75300,Si,4
562,47,Masculino,0,Si,3
563,66,Masculino,25365,Si,4
566,28,Femenino,32308,Si,2
568,49,Femenino,38642,Si,3
569,30,Femenino,75563,Si,5
570,73,Masculino,89012,Si,5
571,61,Femenino,8309,Si,4
573,77,Femenino,61927,Si,5
575,30,Masculino,67574,Si,3
576,21,Femenino,30480,Si,4
579,52,Femenino,46943,Si,1
581,28,Femenino,45264,Si,2
582,49,Femenino,17287,Si,4
583,77,Femenino,2207,Si,4
584,22,Masculino,22225,Si,3
585,71,Femenino,82646,Si,2
586,56,Femenino,32550,Si,4
587,51,Masculino,89186,Si,3
593,71,Femenino,21316,Si,5
599,46,Femenino,53621,Si,1
600,65,Masculino,40315,Si,5
602,68,Femenino,94852,Si,2
605,53,desconocido,7340,Si,4
607,74,Masculino,93428,Si,2
608,79,Femenino,66229,Si,3
611,62,Masculino,47796,Si,1
612,60,Femenino,76273,Si,1
614,55,Masculino,0,Si,1
620,18,Masculino,7163,Si,2
621,53,Masculino,67039,Si,5
622,55,Femenino,41910,Si,5
623,79,Femenino,50899,Si,5
624,41,Masculino,19149,Si,2
625,71,Masculino,66900,Si,4
632,49,Masculino,72431,Si,3
635,49,Femenino,2429,Si,3
636,49,Masculino,63747,Si,4
639,49,Masculino,79731,Si,2
640,79,Masculino,0,Si,2
643,65,Femenino,14158,Si,4
644,78,Femenino,32288,Si,4
645,21,Masculino,26960,Si,4
646,63,Femenino,28147,Si,3
647,59,Femenino,0,Si,4
648,31,Masculino,17996,Si,2
649,78,Femenino,55362,Si,1
650,57,Masculino,91011,Si,3
652,73,Masculino,82848,Si,4
653,52,Femenino,4376,Si,3
656,54,Masculino,44453,Si,2
660,56,Femenino,85530,Si,3
661,49,Masculino,96084,Si,4
666,47,Masculino,21496,Si,4
667,69,Masculino,25430,Si,4
668,55,desconocido,19192,Si,4
669,26,Femenino,0,Si,5
670,29,Femenino,50716,Si,5
671,49,Masculino,94696,Si,5
672,49,Masculino,74461,Si,4
675,32,Femenino,58169,Si,5
677,42,Masculino,75950,Si,5
678,49,Masculino,74690,Si,4
679,64,Femenino,66487,Si,2
680,45,Masculino,6401,Si,1
684,60,Masculino,45494,Si,1
685,36,Femenino,50169,Si,3
686,38,Masculino,0,Si,5
687,62,Masculino,98648,Si,4
688,78,desconocido,32889,Si,4
689,23,desconocido,10199,Si,3
691,24,Masculino,51340,Si,2
692,61,Masculino,81943,Si,2
693,55,Masculino,79819,Si,5
695,29,Masculino,28406,Si,3
697,27,Masculino,8845,Si,2
699,49,Masculino,96489,Si,3
700,40,desconocido,26592,Si,3
702,64,Femenino,84446,Si,4
704,19,Masculino,2344,Si,3
715,63,Femenino,23565,Si,1
719,24,Masculino,24018,Si,3
722,59,Femenino,4124,Si,2
731,31,Femenino,19827,Si,3
732,55,Masculino,33622,Si,4
742,75,Femenino,70305,Si,3
747,56,Masculino,32002,Si,3
749,46,Femenino,27073,Si,1
755,49,Femenino,91466,Si,2
759,18,Masculino,0,Si,1
764,62,Femenino,45176,Si,2
767,49,Masculino,6905,Si,2
768,54,Femenino,8389,Si,3
769,64,Masculino,38487,Si,4
771,44,Masculino,81531,Si,5
772,42,Masculino,67756,Si,1
773,46,Masculino,52930,Si,4
777,75,Masculino,90178,Si,5
782,52,Femenino,65990,Si,4
785,29,Femenino,44237,Si,1
786,27,Femenino,62167,Si,5
791,66,Masculino,23327,Si,5
792,40,desconocido,21910,Si,5
795,52,Femenino,38415,Si,5
798,38,Masculino,6521,Si,2
805,53,Femenino,71518,Si,1
809,37,Femenino,28855,Si,3
811,23,Masculino,29681,Si,5
812,59,desconocido,86004,Si,1
818,44,Masculino,9317,Si,2
822,60,Masculino,4672,Si,3
823,61,Masculino,80283,Si,2
824,18,desconocido,0,Si,2
827,61,Masculino,39466,Si,1
828,73,Femenino,93736,Si,5
830,56,Femenino,40167,Si,4
831,49,Masculino,21341,Si,3
832,60,Masculino,0,Si,5
834,70,Masculino,13599,Si,1
835,23,Femenino,77904,Si,2
838,19,Femenino,99329,Si,1
839,42,Masculino,33748,Si,2
840,21,Masculino,65024,Si,4
841,22,Femenino,78575,Si,5
843,22,Masculino,6405,Si,4
845,65,Masculino,96029,Si,3
852,39,Femenino,71967,Si,3
853,34,Femenino,5128,Si,5
855,75,Masculino,71569,Si,3
856,28,Masculino,13901,Si,1
857,51,Masculino,27585,Si,3
864,63,Masculino,69196,Si,3
869,79,Masculino,80835,Si,3
870,35,Masculino,82314,Si,5
872,54,Femenino,42125,Si,5
873,54,desconocido,79614,Si,2
875,21,Femenino,96834,Si,1
877,49,Masculino,76619,Si,5
882,61,Femenino,92553,Si,5
884,43,desconocido,69566,Si,5
885,78,Femenino,42329,Si,3
888,19,Femenino,0,Si,3
889,34,Masculino,59305,Si,2
891,36,Femenino,80430,Si,1
895,61,Femenino,17671,Si,3
896,27,Femenino,54644,Si,4
897,55,Femenino,96214,Si,1
914,49,Femenino,37943,Si,5
919,76,Masculino,88963,Si,4
920,55,Femenino,79871,Si,3
921,39,Masculino,81691,Si,3
923,68,Masculino,32188,Si,3
924,24,Femenino,39533,Si,1
926,45,Femenino,15270,Si,3
928,46,Masculino,0,Si,2
930,30,Femenino,20367,Si,3
931,48,Masculino,54808,Si,1
933,56,Masculino,67070,Si,1
935,45,Femenino,83057,Si,2
936,26,Femenino,1088,Si,4
937,45,Femenino,81041,Si,2
940,53,Femenino,96340,Si,1
943,49,Femenino,44761,Si,5
947,49,Femenino,35407,Si,2
950,18,desconocido,36760,Si,2
951,20,Femenino,9985,Si,3
954,32,Masculino,43963,Si,2
955,37,Femenino,43849,Si,3
956,38,Masculino,63703,Si,5
957,35,Masculino,33873,Si,5
960,60,Femenino,92274,Si,5
961,28,Masculino,86051,Si,1
965,66,Femenino,55475,Si,2
966,53,Masculino,87829,Si,4
967,51,Femenino,82893,Si,4
970,23,Masculino,88310,Si,3
976,49,Masculino,16157,Si,4
978,41,Masculino,62092,Si,1
981,45,Masculino,97188,Si,2
984,54,Femenino,85536,Si,1
985,49,desconocido,50134,Si,1
989,34,Femenino,99094,Si,4
991,46,desconocido,63185,Si,2
992,36,Masculino,24100,Si,5
993,28,Masculino,0,Si,1
1000,49,Masculino,60636,Si,2
1003,29,Masculino,5630,Si,3
1006,50,Masculino,29406,Si,5
1008,18,Femenino,99863,Si,1
1010,56,Femenino,88144,Si,4
1011,51,Femenino,60519,Si,3
1013,75,Masculino,0,Si,3
1014,49,Masculino,36579,Si,4
1015,60,Femenino,64113,Si,5
1017,54,Femenino,0,Si,1
1018,31,Femenino,20304,Si,3
1022,71,Femenino,64523,Si,4
1023,57,Femenino,88018,Si,4
1024,38,Femenino,34601,Si,5
1025,53,Femenino,95207,Si,5
1030,73,Femenino,75979,Si,5
1033,39,Masculino,9877,Si,1
1035,59,Masculino,62451,Si,2
1036,79,Femenino,81014,Si,4
1038,34,Femenino,25387,Si,5
1041,26,Femenino,58030,Si,3
1044,33,Femenino,93858,Si,1
1045,69,Femenino,0,Si,3
1050,19,desconocido,35025,Si,4
1057,49,Femenino,84224,Si,1
1059,71,Femenino,87148,Si,1
1063,72,Masculino,73473,Si,1
1064,55,Femenino,69283,Si,1
1067,41,desconocido,1080,Si,3
1068,48,Femenino,38953,Si,2
1070,79,Masculino,99518,Si,1
1071,75,Masculino,56933,Si,3
1073,56,Masculino,46940,Si,4
1074,64,Masculino,72427,Si,1
1075,55,Masculino,82594,Si,5
1077,37,Masculino,49041,Si,4
1079,73,desconocido,89561,Si,3
1080,49,Femenino,51565,Si,4
1082,78,Femenino,88753,Si,2
1088,49,Femenino,0,Si,4
1090,21,Femenino,89853,Si,3
1092,64,Masculino,92379,Si,3
1093,69,Masculino,75046,Si,1
1098,47,Femenino,92598,Si,1
1099,25,Femenino,0,Si,5
1101,25,Femenino,9639,Si,3
1102,29,Femenino,31134,Si,2
1103,45,Masculino,57884,Si,2
1104,19,Masculino,31043,Si,4
1108,38,Femenino,0,Si,5
1109,24,Masculino,21691,Si,4
1112,71,Femenino,6424,Si,5
1116,45,Masculino,17903,Si,4
1119,71,Masculino,83496,Si,4
1120,76,Femenino,46371,Si,3
1121,20,Femenino,83598,Si,4
1124,73,Masculino,79349,Si,3
1126,67,desconocido,12133,Si,4
1127,49,Masculino,83381,Si,2
1134,26,Femenino,18508,Si,1
1136,49,Masculino,79651,Si,1
1137,71,Femenino,9513,Si,3
1138,59,Masculino,58318,Si,2
1141,57,Masculino,86782,Si,5
1142,31,Femenino,76277,Si,4
1143,45,desconocido,22399,Si,2
1146,30,Femenino,0,Si,5
1147,55,Femenino,48168,Si,5
1149,77,Masculino,76573,Si,5
1154,34,Femenino,73899,Si,2
1159,63,Femenino,44479,Si,5
1160,60,Femenino,5854,Si,1
1161,49,Masculino,6001,Si,4
1162,18,Masculino,23793,Si,1
1166,21,Femenino,19188,Si,5
1167,20,Femenino,66379,Si,2
1168,21,Masculino,9856,Si,3
1169,38,desconocido,8974,Si,2
1170,45,Masculino,72671,Si,3
1173,74,Femenino,52463,Si,4
1175,66,Femenino,67313,Si,3
1178,75,Femenino,32055,Si,3
1179,35,Masculino,69666,Si,5
1184,47,Femenino,41136,Si,4
1188,49,Femenino,28854,Si,4
1189,56,Femenino,94558,Si,1
1198,42,Masculino,19246,Si,4
1200,19,Femenino,38651,Si,3
1201,48,Femenino,98532,Si,3
1202,33,Femenino,52180,Si,1
1206,73,Masculino,2581,Si,1
1208,38,Masculino,71447,Si,3
1210,19,Masculino,58521,Si,1
1216,50,Masculino,0,Si,5
1217,27,Masculino,68135,Si,5
1218,76,Masculino,51122,Si,4
1224,45,desconocido,15893,Si,3
1225,42,Masculino,5666,Si,2
1226,34,Femenino,65171,Si,3
1227,62,desconocido,75162,Si,3
1231,40,desconocido,54803,Si,3
1232,30,Femenino,91116,Si,1
1233,69,Masculino,97802,Si,4
1234,70,Femenino,83456,Si,4
1237,49,Masculino,15706,Si,1
1239,49,Femenino,24561,Si,3
1244,19,Femenino,0,Si,1
1246,72,Masculino,33028,Si,2
1252,21,Masculino,52551,Si,2
1256,49,Masculino,94865,Si,3
1258,38,Femenino,95815,Si,2
1260,46,Masculino,85152,Si,4
1261,67,Masculino,69926,Si,4
1266,62,Masculino,74669,Si,3
1269,68,Femenino,40655,Si,4
1272,49,Masculino,20891,Si,2
1274,74,Femenino,60767,Si,4
1279,67,Femenino,54260,Si,2
1280,18,Femenino,58902,Si,1
1281,69,Masculino,67221,Si,3
1284,31,Femenino,47585,Si,3
1286,57,Masculino,8593,Si,5
1289,38,Masculino,28306,Si,1
1292,49,Femenino,41675,Si,3
1293,44,Femenino,46111,Si,4
1294,29,Masculino,74604,Si,1
1296,54,Femenino,57159,Si,2
1299,66,Masculino,97168,Si,5
1300,50,desconocido,18306,Si,1
1303,70,Femenino,15069,Si,2
1306,32,Masculino,79707,Si,3
1309,41,Femenino,70629,Si,2
1312,49,Masculino,26148,Si,2
1316,76,Masculino,64860,Si,1
1319,49,Femenino,0,Si,4
1322,29,desconocido,31325,Si,3
1324,28,Femenino,16268,Si,1
1326,42,Masculino,77841,Si,2
1328,18,Masculino,42247,Si,2
1329,39,Masculino,63727,Si,3
1330,31,Femenino,73800,Si,4
1332,19,Masculino,6005,Si,1
1334,63,Femenino,49818,Si,4
1335,64,Masculino,76693,Si,4
1336,58,Femenino,44192,Si,5
1337,60,Femenino,82785,Si,5
1338,65,Femenino,15614,Si,1
1339,76,Femenino,9646,Si,1
1341,42,Femenino,49054,Si,3
1342,22,Femenino,93012,Si,4
1344,73,Masculino,79352,Si,2
1346,67,Masculino,79735,Si,1
1348,52,Femenino,88365,Si,5
1353,29,Masculino,14328,Si,3
1355,67,Femenino,72419,Si,2
1356,52,desconocido,0,Si,5
1358,41,Masculino,83183,Si,3
1360,67,Masculino,0,Si,1
1361,60,Masculino,20979,Si,2
1369,31,Masculino,80813,Si,5
1370,70,Masculino,64262,Si,5
1374,68,Masculino,37425,Si,3
1376,58,desconocido,6439,Si,1
1379,72,Masculino,87006,Si,3
1380,29,Femenino,3463,Si,3
1381,45,Femenino,25812,Si,1
1382,22,Femenino,0,Si,1
1387,46,Femenino,0,Si,5
1388,49,Femenino,15789,Si,4
1391,41,Femenino,70982,Si,2
1393,37,desconocido,0,Si,5
1396,50,Masculino,5372,Si,3
1397,65,Femenino,30603,Si,4
1398,75,Femenino,0,Si,2
1401,52,Femenino,20144,Si,2
1402,31,Masculino,93035,Si,2
1403,67,Masculino,86567,Si,4
1406,29,Masculino,36791,Si,4
1407,52,Masculino,16192,Si,4
1408,58,Femenino,95770,Si,3
1409,56,Femenino,0,Si,4
1412,52,Masculino,31106,Si,1
1413,58,Masculino,0,Si,1
1418,49,Femenino,2343,Si,2
1419,50,Femenino,39275,Si,3
1420,25,desconocido,80543,Si,3
1421,49,Femenino,31259,Si,1
1422,49,Femenino,46316,Si,4
1423,53,Masculino,45903,Si,5
1426,64,desconocido,92524,Si,5
1428,32,Masculino,36597,Si,5
1430,35,Masculino,56584,Si,1
1432,48,desconocido,28200,Si,1
1433,37,Masculino,0,Si,3
1434,19,Femenino,97277,Si,4
1435,56,desconocido,10555,Si,5
1436,40,Masculino,13737,Si,3
1437,78,Femenino,0,Si,1
1438,52,Masculino,39154,Si,5
1439,36,Masculino,0,Si,3
1441,35,desconocido,98117,Si,5
1442,74,Femenino,97417,Si,5
1443,41,Masculino,50081,Si,3
1444,34,Femenino,64860,Si,5
1445,28,Masculino,72884,Si,3
1447,69,desconocido,35996,Si,2
1452,69,Femenino,92151,Si,4
1454,41,Masculino,0,Si,3
1457,49,Femenino,9095,Si,4
1460,38,Femenino,66373,Si,2
1462,64,Femenino,0,Si,3
1464,74,Masculino,30466,Si,1
1465,60,Masculino,73271,Si,5
1468,23,Masculino,12182,Si,3
1469,51,desconocido,52843,Si,1
1475,77,Femenino,91580,Si,4
1477,73,Femenino,97551,Si,3
1482,62,Femenino,80980,Si,2
1483,49,Femenino,0,Si,2
1485,61,Femenino,74619,Si,3
1488,29,Masculino,66362,Si,4
1489,72,Masculino,17792,Si,5
1494,48,Femenino,6384,Si,4
1495,39,Masculino,53881,Si,5
1498,44,desconocido,33559,Si,3
1500,39,Femenino,27841,Si,5
1501,59,Femenino,81368,Si,3
1502,37,Masculino,78495,Si,5
1505,18,Femenino,53073,Si,2
1507,19,Masculino,0,Si,5
1511,26,Masculino,68406,Si,3
1513,60,Femenino,41429,Si,3
1514,20,Femenino,26423,Si,3
1518,77,Masculino,54726,Si,3
1519,48,Masculino,65334,Si,4
1523,35,Femenino,62599,Si,4
1524,60,Masculino,75127,Si,4
1526,52,Masculino,22019,Si,1
1530,49,Masculino,7094,Si,3
1531,27,Masculino,0,Si,3
1533,77,Femenino,9445,Si,3
1534,49,Femenino,60010,Si,5
1538,49,Femenino,99961,Si,3
1539,21,Masculino,99127,Si,2
1545,76,Masculino,0,Si,2
1546,32,Masculino,29292,Si,2
1547,68,Femenino,30107,Si,3
1548,49,Masculino,29558,Si,1
1549,58,desconocido,45346,Si,4
1555,74,Femenino,93795,Si,3
1556,78,Masculino,5528,Si,4
1557,78,Masculino,21127,Si,4
1560,42,Femenino,45427,Si,2
1562,31,Femenino,50610,Si,1
1564,35,Masculino,2181,Si,3
1566,22,Femenino,26821,Si,5
1568,49,Masculino,99858,Si,3
1569,32,Masculino,0,Si,1
1571,50,Masculino,37019,Si,1
1572,52,Femenino,34911,Si,3
1573,43,Masculino,21415,Si,4
1575,49,desconocido,10351,Si,4
1576,28,Masculino,0,Si,1
1578,49,Femenino,47502,Si,1
1580,49,Masculino,26135,Si,3
1584,76,Masculino,45250,Si,1
1591,31,Masculino,67947,Si,2
1592,56,Masculino,35833,Si,1
1593,49,Femenino,23258,Si,3
1604,55,desconocido,84707,Si,3
1606,38,Femenino,0,Si,2
1607,49,Masculino,66426,Si,3
1609,75,desconocido,2144,Si,5
1610,59,Masculino,0,Si,5
1611,45,Masculino,0,Si,1
1615,64,Masculino,30274,Si,1
1616,38,Femenino,39080,Si,4
1620,76,desconocido,57314,Si,3
1622,52,Femenino,24344,Si,5
1624,34,Masculino,72231,Si,2
1625,75,Masculino,23301,Si,4
1631,48,Femenino,42116,Si,2
1632,58,desconocido,55124,Si,2
1635,22,Masculino,48328,Si,3
1636,70,desconocido,55977,Si,4
1639,73,Femenino,53263,Si,2
1644,68,Femenino,42465,Si,3
1648,31,Masculino,18848,Si,5
1649,40,Femenino,98638,Si,5
1651,54,Femenino,25489,Si,3
1656,28,Masculino,87770,Si,5
1657,49,Masculino,69550,Si,3
1659,79,Masculino,77070,Si,3
1660,69,Femenino,0,Si,1
1661,58,Masculino,26503,Si,4
1664,65,Masculino,68318,Si,4
1665,49,Masculino,44638,Si,4
1668,64,Femenino,0,Si,3
1670,29,Masculino,42532,Si,2
1671,74,Femenino,66342,Si,3
1672,45,Femenino,0,Si,1
1674,19,Femenino,16726,Si,4
1679,79,Femenino,76149,Si,3
1680,38,Femenino,87164,Si,3
1682,18,Femenino,21816,Si,5
1683,49,Femenino,28981,Si,1
1686,78,Masculino,7248,Si,4
1689,63,Femenino,0,Si,1
1692,34,desconocido,92453,Si,5
1693,49,Masculino,0,Si,1
1694,40,Femenino,90782,Si,3
1698,26,Femenino,55736,Si,4
1700,64,Masculino,85291,Si,1
1703,63,Masculino,7265,Si,2
1704,71,Masculino,67042,Si,3
1705,27,Femenino,53635,Si,4
1707,45,Femenino,69394,Si,2
1710,32,Femenino,58304,Si,1
1712,27,Femenino,68530,Si,1
1713,72,desconocido,30644,Si,5
1714,48,Femenino,55982,Si,3
1715,57,Femenino,85781,Si,4
1720,33,Femenino,14746,Si,2
1723,19,Masculino,85033,Si,1
1726,32,Femenino,35006,Si,3
1730,64,Femenino,90481,Si,3
1731,56,Femenino,60225,Si,2
1736,49,desconocido,34714,Si,1
1737,49,Femenino,0,Si,1
1747,70,Masculino,8384,Si,5
1749,73,desconocido,32275,Si,3
1754,70,Femenino,21926,Si,5
1755,51,Femenino,95979,Si,1
1756,77,Femenino,60773,Si,2
1757,75,desconocido,76267,Si,3
1758,43,Masculino,22901,Si,4
1759,74,desconocido,87544,Si,4
1762,34,Masculino,67359,Si,4
1764,20,Femenino,16724,Si,4
1766,58,Masculino,94327,Si,3
1769,62,Masculino,51092,Si,5
1771,28,Masculino,60633,Si,2
1775,42,Femenino,71871,Si,5
1776,23,Masculino,0,Si,3
1777,55,Masculino,34364,Si,1
1778,49,Masculino,80917,Si,5
1779,65,Femenino,82098,Si,5
1780,32,desconocido,26761,Si,2
1782,43,Masculino,0,Si,3
1783,45,Masculino,15955,Si,3
1786,54,Femenino,99148,Si,2
1787,49,Masculino,27600,Si,4
1791,20,Femenino,63558,Si,1
1793,18,Masculino,74967,Si,2
1795,43,Femenino,77122,Si,2
1796,49,Masculino,14521,Si,5
1797,73,Masculino,10153,Si,5
1799,37,Masculino,6557,Si,1
1800,45,Femenino,25556,Si,3
1801,76,Femenino,59521,Si,3
1803,52,Femenino,93862,Si,3
1804,72,Femenino,88180,Si,5
1805,66,Femenino,36535,Si,4
1806,49,Femenino,58390,Si,4
1807,75,Masculino,4232,Si,1
1808,28,Masculino,72629,Si,4
1809,74,Masculino,92724,Si,3
1812,75,Femenino,0,Si,5
1813,49,desconocido,65963,Si,1
1816,51,Femenino,35172,Si,4
1822,34,Femenino,68712,Si,3
1823,77,Femenino,54035,Si,1
1825,49,Femenino,56196,Si,2
1826,73,Masculino,29928,Si,5
1827,77,Masculino,47358,Si,4
1831,50,Femenino,22213,Si,2
1834,52,Masculino,21885,Si,5
1835,27,Masculino,74465,Si,3
1836,45,Masculino,5441,Si,1
1837,70,Masculino,57373,Si,1
1843,23,Femenino,96093,Si,1
1844,59,Femenino,55922,Si,5
1849,58,Masculino,65136,Si,3
1851,56,Femenino,28090,Si,5
1853,75,Masculino,71847,Si,1
1857,70,Femenino,84744,Si,2
1859,55,Masculino,68218,Si,1
1860,29,Masculino,55142,Si,4
1861,33,Masculino,17580,Si,1
1862,50,Masculino,46409,Si,4
1863,76,Femenino,0,Si,3
1864,47,Masculino,52362,Si,3
1865,43,Femenino,0,Si,1
1868,35,Masculino,58805,Si,5
1870,65,Femenino,25800,Si,4
1871,44,Femenino,38870,Si,2
1873,39,Femenino,0,Si,3
1874,76,Masculino,42302,Si,4
1875,35,Femenino,1575,Si,2
1879,33,Femenino,84549,Si,5
1881,49,Femenino,0,Si,3
1883,37,Masculino,45546,Si,3
1884,72,Masculino,83990,Si,3
1887,50,Femenino,23446,Si,3
1892,35,Masculino,60394,Si,5
1895,25,Femenino,41403,Si,4
1897,58,Masculino,5132,Si,2
1898,27,Masculino,83131,Si,5
1903,49,Masculino,52134,Si,2
1905,63,Masculino,80089,Si,4
1907,77,Masculino,0,Si,3
1909,77,Femenino,67372,Si,5
1910,39,Masculino,0,Si,2
1913,30,Femenino,64183,Si,2
1915,47,Femenino,54317,Si,2
1916,56,Masculino,44801,Si,3
1917,49,Femenino,36009,Si,3
1919,45,Masculino,29886,Si,3
1921,38,Masculino,38459,Si,2
1923,58,desconocido,78676,Si,1
1925,47,Femenino,99689,Si,4
1929,49,Masculino,39082,Si,3
1931,28,Masculino,27247,Si,1
1932,42,Femenino,0,Si,4
1933,70,Masculino,0,Si,4
1936,27,Femenino,1124,Si,3
1939,22,Femenino,33280,Si,5
1943,30,Femenino,32612,Si,2
1945,49,Masculino,0,Si,3
1946,53,Masculino,47548,Si,1
1951,56,Masculino,27885,Si,2
1953,34,Masculino,56731,Si,4
1954,49,Femenino,69961,Si,5
1960,64,Femenino,34410,Si,5
1965,45,Masculino,35982,Si,3
1967,49,Femenino,81891,Si,1
1971,74,Masculino,0,Si,5
1972,43,Masculino,46087,Si,3
1973,49,Femenino,78512,Si,3
1975,20,Femenino,64276,Si,2
1983,38,Masculino,32158,Si,4
1986,74,Femenino,39226,Si,4
1988,41,Masculino,0,Si,4
1992,63,Femenino,46859,Si,2
1993,24,Femenino,1251,Si,5
1996,77,Femenino,22044,Si,5
1997,41,Femenino,0,Si,1
1998,59,Femenino,51971,Si,3
1999,71,desconocido,44108,Si,4
2004,68,Masculino,63426,Si,5
2005,68,desconocido,48634,Si,1
2012,24,Masculino,5309,Si,3
2014,33,desconocido,16533,Si,4
2015,74,Masculino,76528,Si,5
2016,66,Masculino,7628,Si,5
2022,50,Femenino,78935,Si,5
2023,34,Femenino,25536,Si,1
2024,22,Masculino,8375,Si,4
2026,77,Masculino,47483,Si,1
2027,36,Masculino,0,Si,2
2034,74,Masculino,41968,Si,5
2038,59,Masculino,59505,Si,2
2041,49,Masculino,86242,Si,3
2043,30,Femenino,81545,Si,2
2044,71,Masculino,0,Si,3
2047,78,Femenino,54162,Si,4
2049,49,Femenino,44349,Si,5
2054,51,Masculino,57439,Si,1
2055,57,Masculino,78537,Si,4
2056,26,Masculino,43144,Si,3
2060,57,Femenino,19671,Si,3
2062,60,Masculino,0,Si,2
2065,41,Masculino,58199,Si,5
2066,63,Masculino,94723,Si,4
2067,42,desconocido,48767,Si,4
2069,20,Masculino,66661,Si,5
2070,69,Femenino,8892,Si,4
2071,31,Masculino,63724,Si,5
2072,56,desconocido,5852,Si,3
2073,68,Masculino,25131,Si,3
2074,49,Femenino,99615,Si,5
2075,21,desconocido,62177,Si,3
2076,70,Masculino,16989,Si,5
2077,46,Masculino,96166,Si,5
2079,33,Femenino,14839,Si,1
2082,30,Femenino,96231,Si,5
2084,49,Femenino,1703,Si,4
2089,78,Femenino,59585,Si,4
2094,55,Femenino,37601,Si,3
2098,55,Masculino,78694,Si,5
2105,48,Masculino,58341,Si,1
2108,43,Masculino,81956,Si,3
2109,34,Masculino,50297,Si,1
2110,21,Femenino,59801,Si,4
2112,26,Masculino,32853,Si,1
2114,36,desconocido,6786,Si,3
2115,37,Femenino,2745,Si,5
2117,49,Masculino,58031,Si,1
2118,49,Femenino,32420,Si,1
2119,26,Femenino,36859,Si,4
2123,49,Femenino,23881,Si,5
2129,28,Femenino,35182,Si,4
2131,33,Femenino,60075,Si,5
2133,37,Masculino,77273,Si,1
2134,49,Femenino,88978,Si,5
2135,45,Femenino,75209,Si,3
2136,76,Femenino,86562,Si,3
2138,51,Femenino,60092,Si,3
2139,64,Femenino,31563,Si,2
2140,47,Masculino,0,Si,4
2141,24,Masculino,23628,Si,3
2143,49,Femenino,49272,Si,4
2147,66,Masculino,19427,Si,4
2151,67,Femenino,73628,Si,1
2156,22,Masculino,81060,Si,2
2161,60,Femenino,37041,Si,4
2163,46,Masculino,24324,Si,2
2167,77,Masculino,66107,Si,3
2170,79,Masculino,29294,Si,4
2171,54,Femenino,49559,Si,3
2172,43,desconocido,56944,Si,4
2174,75,Masculino,58796,Si,2
2175,19,Femenino,78974,Si,2
2176,24,desconocido,76520,Si,3
2179,49,Masculino,61711,Si,5
2182,36,Masculino,6923,Si,2
2183,58,Femenino,94658,Si,3
2186,43,Masculino,33358,Si,2
2189,49,Femenino,96602,Si,2
2190,29,Masculino,9294,Si,3
2191,49,desconocido,84240,Si,4
2192,47,Masculino,70231,Si,4
2193,36,Femenino,44672,Si,5
2194,49,Femenino,5481,Si,2
2196,50,Femenino,31594,Si,2
2197,44,Femenino,83221,Si,3
2198,79,desconocido,58236,Si,3
2201,54,desconocido,50124,Si,1
2202,64,Femenino,59967,Si,4
2203,29,Masculino,9666,Si,5
2214,49,desconocido,91215,Si,3
2216,30,desconocido,6073,Si,3
2218,62,Femenino,25653,Si,5
2221,19,Masculino,0,Si,1
2223,41,Masculino,37096,Si,1
2224,64,Femenino,63588,Si,3
2226,18,Masculino,23128,Si,2
2227,73,Masculino,77016,Si,1
2228,56,Masculino,0,Si,1
2230,42,Masculino,25496,Si,1
2231,63,Femenino,80396,Si,4
2241,48,Femenino,72033,Si,2
2242,22,Masculino,83264,Si,3
2244,54,Masculino,81904,Si,3
2246,35,Femenino,13520,Si,1
2247,76,Femenino,13570,Si,4
2252,70,Masculino,41023,Si,4
2253,23,Masculino,74149,Si,1
2255,26,Femenino,52164,Si,3
2259,38,desconocido,93930,Si,1
2260,26,Masculino,19488,Si,4
2261,31,Femenino,89166,Si,4
2263,49,Masculino,70311,Si,3
2265,20,Masculino,24309,Si,3
2267,76,Femenino,48285,Si,1
2268,59,Femenino,68568,Si,3
2270,75,Masculino,70209,Si,3
2272,48,Masculino,92438,Si,3
2276,64,Femenino,11951,Si,4
2278,67,Femenino,72093,Si,3
2283,63,desconocido,12924,Si,2
2284,45,Masculino,95364,Si,4
2286,51,Masculino,13783,Si,3
2288,35,Femenino,0,Si,2
2291,70,Femenino,67052,Si,3
2294,44,Masculino,45052,Si,4
2297,69,desconocido,56967,Si,4
2302,74,Femenino,78715,Si,5
2306,49,Masculino,87409,Si,3
2308,61,Masculino,0,Si,5
2309,62,Femenino,31543,Si,3
2310,33,Masculino,86142,Si,4
2311,33,Masculino,0,Si,2
2312,46,Masculino,0,Si,3
2315,28,Femenino,96136,Si,5
2318,66,Femenino,83104,Si,5
2319,61,Masculino,74564,Si,5
2321,56,Masculino,39362,Si,3
2323,49,desconocido,20831,Si,3
2324,28,Femenino,26477,Si,2
2326,21,Masculino,16625,Si,1
2327,50,desconocido,2628,Si,2
2328,39,Masculino,2186,Si,1
2329,49,Femenino,0,Si,4
2332,49,Femenino,1101,Si,4
2341,74,Masculino,25278,Si,4
2342,29,Masculino,6747,Si,4
2348,40,Masculino,90184,Si,2
2349,49,Femenino,71453,Si,5
2350,79,Masculino,41434,Si,1
2352,52,Femenino,73182,Si,5
2355,51,Masculino,0,Si,2
2357,69,Femenino,11769,Si,3
2359,23,Masculino,63030,Si,2
2363,49,Femenino,12850,Si,2
2365,76,Femenino,15307,Si,1
2367,70,Masculino,91789,Si,1
2369,28,Femenino,0,Si,1
2372,38,Masculino,66069,Si,1
2374,49,Masculino,0,Si,2
2377,65,desconocido,79284,Si,5
2381,30,Femenino,9264,Si,2
2385,18,Masculino,68581,Si,3
2386,63,Femenino,67250,Si,4
2393,35,Masculino,38936,Si,1
2394,49,Masculino,90484,Si,2
2396,25,Femenino,75271,Si,1
2399,65,Femenino,3521,Si,2
2400,49,Femenino,94568,Si,1
2401,62,Masculino,88201,Si,4
2403,47,Masculino,81795,Si,5
2405,22,Masculino,0,Si,1
2407,49,Femenino,48573,Si,2
2408,40,Masculino,4649,Si,3
2410,48,desconocido,19554,Si,1
2411,49,Femenino,33672,Si,4
2416,44,Masculino,94786,Si,3
2417,24,Femenino,0,Si,3
2418,23,Femenino,27180,Si,5
2419,51,Masculino,98567,Si,4
2420,43,Masculino,6877,Si,1
2421,32,Masculino,72496,Si,2
2422,37,Masculino,10381,Si,1
2423,53,Femenino,79466,Si,3
2424,67,Masculino,29107,Si,5
2425,37,Masculino,53123,Si,1
2427,39,Masculino,58515,Si,5
2429,65,Masculino,63555,Si,3
2430,55,Femenino,76425,Si,1
2431,23,Femenino,10882,Si,3
2433,74,Masculino,42622,Si,5
2435,35,Masculino,0,Si,2
2436,45,Masculino,7356,Si,4
2437,34,Femenino,0,Si,3
2438,44,desconocido,53329,Si,2
2439,49,Masculino,52778,Si,1
2440,63,desconocido,41310,Si,3
2441,44,Femenino,21543,Si,2
2442,18,Femenino,92591,Si,4
2445,77,Masculino,98321,Si,3
2447,27,Masculino,85811,Si,4
2448,76,Femenino,46903,Si,5
2453,61,desconocido,34780,Si,2
2454,22,Masculino,64536,Si,3
2455,77,Femenino,15697,Si,3
2456,49,Masculino,72811,Si,4
2458,49,desconocido,11193,Si,3
2461,70,Masculino,81795,Si,5
2463,47,Femenino,75231,Si,3
2464,33,Masculino,60236,Si,3
2466,40,Femenino,84462,Si,5
2468,74,Masculino,49546,Si,2
2469,33,Masculino,30274,Si,2
2471,55,Masculino,12424,Si,5
2472,55,Masculino,65893,Si,1
2473,49,Femenino,9739,Si,3
2474,50,Masculino,54603,Si,4
2480,49,desconocido,59992,Si,1
2481,79,Femenino,38010,Si,4
2483,59,desconocido,11917,Si,4
2484,19,Femenino,90829,Si,1
2488,77,Femenino,48452,Si,2
2490,74,desconocido,75690,Si,3
2492,65,Masculino,27645,Si,2
2493,29,Femenino,90612,Si,5
2497,52,Femenino,4895,Si,2
2498,60,Femenino,61140,Si,4
2499,61,Femenino,26170,Si,4
2503,78,Masculino,29991,Si,2
2505,61,Femenino,56542,Si,2
2508,60,desconocido,78627,Si,5
2516,36,Masculino,29634,Si,4
2518,20,desconocido,0,Si,4
2519,68,Masculino,64080,Si,3
2522,52,desconocido,68479,Si,2
2524,19,desconocido,23387,Si,4
2527,52,Femenino,55300,Si,5
2530,78,Masculino,54870,Si,3
2537,75,Masculino,0,Si,5
2540,68,desconocido,57594,Si,5
2542,40,Masculino,0,Si,2
2546,53,Femenino,55667,Si,5
2550,53,Masculino,3990,Si,4
2555,18,Masculino,67864,Si,2
2559,49,Femenino,59496,Si,3
2560,26,Femenino,8339,Si,2
2561,24,Femenino,52301,Si,1
2563,63,Masculino,24764,Si,2
2565,68,Femenino,96893,Si,4
2570,21,Femenino,11628,Si,2
2572,38,Femenino,0,Si,2
2574,45,Masculino,0,Si,5
2575,49,Masculino,36513,Si,4
2576,61,Femenino,0,Si,4
2578,65,Masculino,82296,Si,1
2579,66,Masculino,5571,Si,3
2580,19,Masculino,60691,Si,1
2581,29,desconocido,95016,Si,4
2584,52,Femenino,0,Si,5
2585,78,Masculino,27918,Si,1
2591,18,Masculino,48190,Si,4
2592,77,Masculino,18490,Si,3
2593,75,Masculino,69037,Si,5
2597,70,Femenino,0,Si,1
2598,20,Femenino,66391,Si,3
2600,49,Femenino,21925,Si,3
2602,35,Femenino,0,Si,4
2609,50,Femenino,99900,Si,4
2610,50,Masculino,31072,Si,5
2611,79,Masculino,0,Si,2
2612,24,Femenino,9866,Si,3
2613,74,Masculino,47564,Si,3
2614,79,Femenino,76465,Si,3
2617,18,Masculino,0,Si,3
2620,27,Femenino,22228,Si,4
2621,64,Femenino,63128,Si,3
2626,39,Femenino,97967,Si,5
2627,49,Femenino,54652,Si,3
2629,52,Masculino,75372,Si,3
2632,26,desconocido,91875,Si,4
2634,74,Masculino,1748,Si,4
2635,26,Masculino,0,Si,3
2637,23,Masculino,62543,Si,3
2638,33,Femenino,60621,Si,1
2639,26,Masculino,63121,Si,3
2640,51,Masculino,11566,Si,4
2641,53,Femenino,12315,Si,2
2642,42,Masculino,80386,Si,3
2648,24,Femenino,45072,Si,4
2649,18,Femenino,5912,Si,3
2650,68,Masculino,52949,Si,4
2651,71,Femenino,13061,Si,3
2652,70,Femenino,43726,Si,1
2653,60,Femenino,15219,Si,2
2654,20,Femenino,59949,Si,3
2660,49,Masculino,40464,Si,2
2662,75,Masculino,48313,Si,1
2663,47,Femenino,51122,Si,2
2665,55,Masculino,63285,Si,3
2667,75,Femenino,17604,Si,4
2668,78,Femenino,56366,Si,1
2671,52,Masculino,27644,Si,1
2673,78,Femenino,56497,Si,4
2677,54,Femenino,4352,Si,1
2680,24,Masculino,0,Si,2
2684,46,Femenino,79198,Si,5
2686,59,desconocido,5531,Si,5
2691,68,Femenino,53328,Si,3
2692,36,Masculino,80703,Si,3
2694,49,Femenino,9738,Si,1
2697,65,desconocido,16576,Si,3
2698,31,Femenino,0,Si,3
2706,49,Masculino,80725,Si,2
2707,40,Masculino,15093,Si,5
2713,36,Masculino,44068,Si,4
2715,43,Masculino,59096,Si,4
2716,34,Masculino,46882,Si,3
2720,37,Masculino,85738,Si,4
2722,36,Femenino,47479,Si,5
2726,38,Masculino,31958,Si,3
2728,47,Masculino,93447,Si,2
2732,56,Femenino,26369,Si,3
2734,52,Femenino,91697,Si,4
2736,50,Masculino,0,Si,3
2738,32,Masculino,8148,Si,4
2739,45,desconocido,78688,Si,4
2743,21,Femenino,41479,Si,3
2749,51,Masculino,95045,Si,1
2751,21,Femenino,13513,Si,1
2752,77,Femenino,1356,Si,2
2753,49,Masculino,0,Si,3
2755,29,Masculino,83888,Si,4
2756,36,Masculino,26210,Si,3
2757,68,Masculino,20111,Si,5
2758,49,Femenino,82295,Si,2
2759,42,Masculino,76271,Si,3
2762,66,Masculino,74487,Si,3
2767,19,Femenino,14162,Si,1
2768,22,Masculino,6323,Si,3
2769,66,Femenino,38273,Si,1
2771,53,Femenino,41092,Si,1
2772,79,Masculino,56920,Si,2
2773,27,Femenino,0,Si,3
2774,71,Masculino,17670,Si,3
2777,53,Femenino,22436,Si,3
2779,77,Femenino,0,Si,5
2783,46,Femenino,53058,Si,2
2785,65,Femenino,77121,Si,3
2786,72,Masculino,98085,Si,1
2787,18,Femenino,70718,Si,5
2789,72,desconocido,9886,Si,3
2790,73,Femenino,46391,Si,3
2791,22,Masculino,0,Si,5
2792,27,Femenino,0,Si,3
2793,49,Femenino,81899,Si,2
2796,57,desconocido,65386,Si,3
2797,35,desconocido,16690,Si,5
2799,24,Femenino,0,Si,1
2800,24,desconocido,92863,Si,1
2801,56,Femenino,40966,Si,3
2802,45,Masculino,26686,Si,5
2804,40,Masculino,12045,Si,3
2806,23,Masculino,85085,Si,5
2807,77,Masculino,17171,Si,5
2808,63,Masculino,61761,Si,1
2809,49,Masculino,79731,Si,5
2811,70,Femenino,86718,Si,5
2812,20,Femenino,6687,Si,5
2813,24,Masculino,98291,Si,5
2815,72,Masculino,33610,Si,4
2819,54,Masculino,62863,Si,3
2822,49,desconocido,38443,Si,2
2823,37,desconocido,9014,Si,3
2824,63,Femenino,43555,Si,1
2825,58,Femenino,84166,Si,3
2828,37,Femenino,9839,Si,2
2832,37,Femenino,83674,Si,2
2833,65,Femenino,98753,Si,5
2841,24,Femenino,85075,Si,1
2843,58,Femenino,67294,Si,3
2844,57,Femenino,15231,Si,2
2847,78,Femenino,29930,Si,4
2849,30,Masculino,86914,Si,4
2851,78,Femenino,24108,Si,1
2853,55,Masculino,90715,Si,3
2855,34,Femenino,70979,Si,3
2858,45,Masculino,84476,Si,5
2860,23,Femenino,29053,Si,3
2863,59,Masculino,44782,Si,4
2864,68,Masculino,12118,Si,1
2866,46,desconocido,49245,Si,4
2867,63,Femenino,81035,Si,5
2868,51,Masculino,0,Si,1
2869,65,Femenino,55430,Si,3
2870,55,Masculino,13600,Si,1
2875,65,desconocido,59961,Si,4
2876,20,Masculino,84651,Si,4
2877,51,Femenino,1908,Si,3
2878,34,Femenino,92002,Si,2
2879,32,Femenino,14769,Si,5
2882,52,Femenino,9792,Si,4
2884,37,Femenino,10560,Si,3
2886,74,Femenino,60514,Si,4
2888,72,Femenino,28680,Si,5
2889,78,Femenino,50520,Si,4
2890,46,Masculino,81696,Si,3
2892,20,Masculino,30660,Si,2
2893,22,Masculino,66369,Si,1
2894,21,desconocido,12126,Si,4
2898,69,Femenino,91275,Si,1
2899,55,Femenino,0,Si,5
2900,46,Masculino,23688,Si,3
2901,66,Masculino,35596,Si,5
2903,77,Masculino,78463,Si,2
2904,24,Femenino,0,Si,4
2908,36,Femenino,40313,Si,2
2909,67,Femenino,0,Si,2
2913,27,Masculino,33589,Si,4
2916,33,Femenino,63182,Si,1
2921,36,Masculino,47521,Si,3
2922,61,desconocido,52328,Si,3
2923,65,Masculino,0,Si,4
2926,75,Femenino,90061,Si,1
2928,51,desconocido,44180,Si,4
2929,73,Femenino,43316,Si,2
2930,49,Masculino,31609,Si,5
2931,79,Femenino,0,Si,1
2933,70,desconocido,52139,Si,3
2936,31,Femenino,71684,Si,1
2938,49,Masculino,56233,Si,5
2941,50,Masculino,0,Si,3
2943,76,Masculino,76145,Si,3
2944,54,Masculino,90360,Si,5
2948,54,Masculino,39955,Si,1
2952,36,Masculino,19664,Si,4
2953,63,desconocido,93130,Si,5
2954,49,desconocido,40119,Si,1
2957,57,desconocido,0,Si,4
2958,77,Femenino,9402,Si,1
2959,36,Femenino,31607,Si,4
2963,67,Femenino,96405,Si,2
2964,75,Masculino,14593,Si,3
2965,33,desconocido,37134,Si,2
2968,47,Femenino,68129,Si,2
2969,62,Masculino,96328,Si,4
2970,18,desconocido,15927,Si,3
2971,21,Masculino,3528,Si,3
2972,62,Femenino,92562,Si,2
2973,35,Masculino,46619,Si,2
2976,23,Femenino,0,Si,3
2977,61,Femenino,78464,Si,4
2981,39,Masculino,49675,Si,2
2984,22,desconocido,20028,Si,1
2986,59,desconocido,10940,Si,4
2988,74,Femenino,96685,Si,3
2993,72,Femenino,0,Si,4
2994,32,desconocido,87753,Si,3
2998,45,desconocido,0,Si,1
2999,55,Masculino,85938,Si,3
3000,76,Masculino,40682,Si,2
3005,72,Femenino,72505,Si,2
3006,76,desconocido,95930,Si,4
3007,70,Femenino,3197,Si,1
3009,61,Masculino,43939,Si,1
3010,47,Masculino,0,Si,4
3011,38,Masculino,52640,Si,5
3012,72,Femenino,0,Si,3
3014,19,Masculino,24199,Si,3
3018,69,Masculino,83216,Si,3
3023,64,desconocido,38010,Si,3
3026,24,Masculino,49655,Si,3
3028,65,Femenino,34708,Si,1
3032,54,Masculino,55010,Si,5
3037,53,Masculino,75241,Si,4
3038,56,Femenino,20770,Si,1
3041,25,Femenino,24662,Si,4
3043,74,Masculino,47381,Si,3
3044,48,Masculino,86558,Si,1
3046,49,Femenino,34459,Si,4
3048,53,desconocido,3557,Si,3
3051,73,Masculino,87701,Si,3
3052,68,Masculino,59523,Si,3
3055,49,Masculino,42780,Si,3
3056,49,Masculino,65746,Si,1
3058,20,Femenino,37848,Si,3
3059,55,Femenino,94416,Si,1
3061,49,Masculino,62271,Si,4
3070,47,Masculino,32659,Si,3
3071,52,Masculino,0,Si,1
3073,32,Masculino,2773,Si,4
3074,59,Masculino,87013,Si,1
3075,20,desconocido,13242,Si,3
3077,53,Femenino,0,Si,5
3079,36,Femenino,74741,Si,1
3080,33,Femenino,27591,Si,3
3084,62,Masculino,14743,Si,1
3093,59,Masculino,93688,Si,5
3094,30,Masculino,56893,Si,1
3098,38,Masculino,6831,Si,2
3103,62,Femenino,85131,Si,2
3111,65,Masculino,0,Si,2
3113,64,Femenino,51499,Si,2
3115,48,Masculino,68593,Si,3
3119,40,Masculino,58283,Si,2
3124,76,Femenino,28736,Si,5
3126,21,Masculino,61760,Si,2
3128,67,Femenino,5872,Si,1
3130,64,Masculino,45060,Si,5
3131,27,Femenino,47592,Si,3
3132,21,Femenino,30582,Si,1
3136,70,Femenino,85673,Si,4
3138,49,Femenino,2835,Si,2
3140,49,Masculino,61405,Si,4
3144,67,Masculino,75889,Si,3
3147,70,Masculino,51149,Si,3
3148,63,Masculino,28910,Si,3
3149,49,Femenino,79796,Si,4
3150,42,desconocido,17860,Si,3
3152,41,Masculino,67305,Si,3
3154,60,Femenino,91110,Si,1
3156,46,Masculino,54745,Si,4
3158,73,Masculino,65470,Si,2
3160,35,Masculino,89409,Si,2
3162,51,Femenino,90176,Si,2
3163,43,Femenino,50355,Si,2
3165,49,Masculino,34846,Si,2
3168,69,Femenino,35595,Si,1
3170,76,desconocido,36576,Si,3
3173,75,Masculino,79766,Si,3
3176,27,Femenino,33870,Si,3
3177,64,desconocido,26649,Si,5
3178,28,Masculino,30989,Si,4
3180,51,Masculino,92187,Si,3
3181,49,Masculino,46434,Si,4
3182,67,desconocido,14769,Si,4
3183,48,Femenino,47999,Si,4
3184,40,Masculino,3649,Si,2
3188,64,Femenino,78044,Si,3
3189,20,Femenino,0,Si,3
3191,74,Masculino,27629,Si,3
3194,50,Masculino,61582,Si,1
3195,23,Femenino,73949,Si,3
3196,69,desconocido,36772,Si,2
3203,49,Masculino,65511,Si,1
3208,29,Masculino,13364,Si,1
3210,23,Femenino,65488,Si,1
3212,49,Masculino,84915,Si,5
3213,76,Masculino,37376,Si,3
3217,60,Masculino,9227,Si,3
3222,67,Masculino,71876,Si,1
3227,18,Masculino,4176,Si,2
3229,46,desconocido,36041,Si,5
3232,43,Masculino,35492,Si,1
3233,22,Femenino,79941,Si,4
3236,43,Masculino,20207,Si,3
3237,38,Masculino,37080,Si,2
3238,75,Masculino,87343,Si,1
3240,58,Masculino,70814,Si,3
3241,25,Masculino,10169,Si,3
3244,28,Femenino,98863,Si,2
3245,49,desconocido,85721,Si,1
3246,70,Femenino,41941,Si,2
3247,19,Masculino,0,Si,2
3249,53,Femenino,29614,Si,2
3253,66,Femenino,77100,Si,3
3254,72,Masculino,76103,Si,4
3256,21,Femenino,0,Si,4
3257,57,Femenino,75353,Si,1
3258,59,Femenino,0,Si,4
3259,56,Femenino,2911,Si,3
3260,27,Femenino,53232,Si,2
3263,63,Masculino,71917,Si,4
3266,20,Masculino,2338,Si,1
3267,40,Masculino,58763,Si,1
3268,49,Masculino,42564,Si,4
3270,38,Masculino,0,Si,3
3271,42,Femenino,2539,Si,2
3272,37,Femenino,91199,Si,2
3276,49,Femenino,15683,Si,5
3278,49,Femenino,43216,Si,4
3279,36,Femenino,11816,Si,5
3282,49,Masculino,69355,Si,4
3286,46,Masculino,10859,Si,3
3287,38,Femenino,18759,Si,5
3288,42,desconocido,51337,Si,2
3290,23,Masculino,88744,Si,2
3291,54,Masculino,42146,Si,1
3296,38,Femenino,40357,Si,2
3297,50,Femenino,68479,Si,3
3298,72,Masculino,49644,Si,2
3299,64,Masculino,22112,Si,2
3301,51,Femenino,55476,Si,3
3302,75,Masculino,91095,Si,1
3304,52,Femenino,17157,Si,1
3307,64,Femenino,56185,Si,3
3310,49,Femenino,0,Si,2
3313,76,Femenino,43085,Si,2
3315,20,Femenino,48915,Si,3
3317,21,Masculino,48856,Si,1
3319,49,Femenino,56652,Si,3
3320,60,Masculino,0,Si,1
3324,38,Femenino,0,Si,5
3325,64,Masculino,61598,Si,3
3330,39,Masculino,37814,Si,2
3331,76,Femenino,26899,Si,5
3333,42,Femenino,64598,Si,1
3335,63,desconocido,64259,Si,3
3337,57,Femenino,48881,Si,4
3339,29,Femenino,68406,Si,1
3340,49,Femenino,49923,Si,3
3341,60,desconocido,9055,Si,2
3342,63,Femenino,80909,Si,5
3343,65,Masculino,82259,Si,2
3344,32,Masculino,98832,Si,5
3347,46,Masculino,0,Si,3
3349,76,Masculino,92598,Si,1
3356,18,Masculino,87956,Si,4
3359,53,Femenino,21844,Si,1
3361,77,Femenino,34379,Si,1
3364,59,Masculino,47243,Si,3
3365,59,desconocido,4429,Si,4
3368,30,Femenino,26450,Si,4
3369,47,Masculino,0,Si,4
3372,78,desconocido,1988,Si,3
3373,42,Femenino,60004,Si,3
3378,66,Femenino,58091,Si,5
3379,71,Masculino,50954,Si,5
3382,70,Masculino,8312,Si,4
3383,78,Femenino,85354,Si,3
3386,20,desconocido,83695,Si,3
3387,49,Masculino,0,Si,5
3388,49,Masculino,47426,Si,2
3391,49,Masculino,25786,Si,3
3393,24,Femenino,0,Si,4
3397,59,Femenino,28361,Si,3
3399,65,Femenino,54408,Si,1
3400,49,Masculino,73151,Si,3
3402,78,Masculino,41909,Si,1
3405,49,Masculino,8632,Si,3
3407,59,Masculino,49489,Si,3
3410,55,desconocido,1941,Si,3
3411,49,Masculino,34249,Si,1
3412,66,Femenino,70641,Si,1
3417,61,Femenino,62861,Si,5
3418,50,Masculino,73092,Si,1
3420,49,Masculino,31523,Si,3
3424,27,Masculino,75286,Si,2
3425,39,Femenino,66348,Si,4
3431,35,desconocido,46005,Si,3
3434,22,Femenino,63025,Si,5
3435,65,Femenino,0,Si,3
3438,56,Femenino,30061,Si,2
3441,79,Femenino,4856,Si,3
3442,72,Femenino,47164,Si,4
3443,49,Femenino,90458,Si,2
3444,49,Masculino,69454,Si,2
3449,40,Masculino,39311,Si,4
3450,65,Masculino,44416,Si,1
3451,69,Masculino,9008,Si,2
3454,50,desconocido,0,Si,5
3456,29,desconocido,29629,Si,3
3457,48,Femenino,25287,Si,4
3458,19,Femenino,15694,Si,2
3461,49,Masculino,82737,Si,3
3463,67,Femenino,5391,Si,1
3465,39,Masculino,14334,Si,3
3466,44,Femenino,13715,Si,2
3472,71,Masculino,0,Si,3
3480,49,Femenino,75649,Si,3
3482,49,Femenino,17986,Si,3
3484,34,Masculino,84125,Si,1
3490,73,Masculino,23618,Si,5
3491,26,Femenino,46031,Si,3
3496,36,Femenino,5525,Si,1
3499,69,Masculino,25862,Si,3
3501,25,Femenino,0,Si,3
3502,27,Femenino,64748,Si,1
3504,79,Masculino,79665,Si,3
3505,49,Masculino,77225,Si,3
3506,60,Femenino,81931,Si,5
3508,49,desconocido,88845,Si,3
3510,64,Femenino,30073,Si,3
3511,36,Femenino,14445,Si,1
3512,20,Femenino,71353,Si,4
3518,68,Femenino,0,Si,3
3519,74,Masculino,0,Si,3
3521,21,Masculino,51859,Si,4
3522,28,Masculino,48819,Si,3
3523,21,Femenino,91365,Si,4
3527,24,Femenino,66191,Si,3
3529,49,Masculino,48201,Si,4
3536,20,Femenino,52484,Si,2
3537,35,Femenino,0,Si,4
3538,69,Femenino,95020,Si,2
3539,41,Masculino,88177,Si,3
3541,75,Femenino,69422,Si,3
3542,34,Masculino,82919,Si,2
3543,51,Femenino,44669,Si,4
3551,56,Femenino,32558,Si,4
3552,52,Masculino,0,Si,3
3554,79,Femenino,32093,Si,4
3556,29,Masculino,54611,Si,5
3557,73,Masculino,28469,Si,4
3559,47,Femenino,56370,Si,5
3561,69,Femenino,94378,Si,5
3563,53,Femenino,88699,Si,2
3564,58,Femenino,9694,Si,3
3565,75,Femenino,31077,Si,2
3567,49,Femenino,28423,Si,5
3570,26,Femenino,24960,Si,4
3572,30,Femenino,56702,Si,3
3573,49,Femenino,51840,Si,3
3576,45,Masculino,71072,Si,5
3578,49,Femenino,0,Si,3
3581,59,Masculino,76581,Si,3
3582,43,Femenino,0,Si,4
3592,20,Masculino,45353,Si,5
3594,45,Masculino,63632,Si,2
3595,27,Masculino,85887,Si,3
3598,73,Masculino,32422,Si,1
3599,54,Femenino,97211,Si,2
3600,56,Masculino,49849,Si,3
3601,72,Masculino,40624,Si,3
3602,29,Femenino,94213,Si,3
3605,44,Masculino,30910,Si,5
3608,54,Masculino,50460,Si,1
3611,77,Femenino,21143,Si,3
3613,49,Masculino,6725,Si,2
3618,49,Femenino,8642,Si,2
3619,38,Masculino,1345,Si,3
3622,64,Masculino,64326,Si,1
3625,63,Masculino,38565,Si,3
3630,76,Masculino,81184,Si,2
3636,72,Femenino,71211,Si,3
3639,54,Masculino,0,Si,3
3640,62,Masculino,0,Si,4
3643,73,Femenino,0,Si,2
3645,35,Femenino,0,Si,2
3647,49,Femenino,58911,Si,2
3648,20,Femenino,15160,Si,3
3650,72,Femenino,72400,Si,4
3653,49,Femenino,66305,Si,4
3655,48,Femenino,67423,Si,2
3656,49,Femenino,69671,Si,1
3659,67,Masculino,76479,Si,5
3661,20,Masculino,29543,Si,1
3663,47,Femenino,96066,Si,2
3664,42,Femenino,54671,Si,1
3665,28,Femenino,63532,Si,1
3667,55,Masculino,25985,Si,3
3668,36,Femenino,32588,Si,1
3670,52,Femenino,93425,Si,3
3673,30,Masculino,87459,Si,5
3676,30,Femenino,0,Si,5
3677,26,Masculino,36212,Si,4
3679,62,Masculino,95889,Si,3
3680,51,Masculino,28001,Si,3
3681,38,Masculino,99768,Si,3
3686,21,Masculino,98624,Si,4
3689,34,Femenino,56824,Si,2
3690,23,Femenino,55197,Si,5
3691,49,Masculino,36645,Si,3
3693,23,Masculino,22972,Si,5
3694,24,Femenino,50971,Si,5
3696,68,Masculino,85083,Si,4
3697,59,Masculino,0,Si,3
3698,49,Femenino,0,Si,1
3699,74,Masculino,53337,Si,4
3703,25,Masculino,0,Si,2
3705,72,Femenino,25856,Si,3
3713,78,Masculino,32555,Si,3
3717,49,Masculino,63171,Si,3
3719,19,Femenino,27543,Si,3
3722,19,Masculino,15733,Si,3
3724,53,Femenino,37881,Si,3
3726,78,Masculino,38864,Si,5
3728,31,Femenino,77154,Si,2
3730,24,desconocido,0,Si,1
3731,31,desconocido,72391,Si,3
3733,53,Femenino,42026,Si,3
3735,25,Femenino,40919,Si,1
3738,29,Masculino,87446,Si,2
3742,63,Femenino,74795,Si,3
3743,35,Masculino,29645,Si,3
3748,76,Femenino,36245,Si,3
3750,49,Femenino,77698,Si,3
3752,56,desconocido,15284,Si,2
3753,72,Femenino,15846,Si,3
3754,36,Femenino,56110,Si,1
3757,49,Masculino,69473,Si,5
3759,41,Masculino,67713,Si,1
3760,23,Femenino,25805,Si,3
3761,53,Femenino,38823,Si,1
3765,44,Masculino,4673,Si,1
3767,60,Femenino,25084,Si,4
3768,49,Masculino,61962,Si,2
3769,42,Femenino,23837,Si,1
3772,46,Masculino,14505,Si,5
3773,60,Femenino,22217,Si,3
3776,63,Femenino,10022,Si,1
3777,37,Masculino,33335,Si,4
3778,35,desconocido,35153,Si,3
3780,50,desconocido,6692,Si,1
3783,27,Masculino,90897,Si,1
3791,69,Masculino,0,Si,3
3794,20,Femenino,24591,Si,5
3797,64,Masculino,24462,Si,5
3800,68,Masculino,17248,Si,5
3801,73,Masculino,72987,Si,5
3803,78,Femenino,63720,Si,3
3806,30,Femenino,29222,Si,2
3810,49,desconocido,0,Si,2
3812,34,Femenino,16196,Si,5
3814,56,Femenino,41544,Si,2
3816,78,Masculino,98571,Si,3
3817,49,Masculino,44301,Si,3
3819,61,Masculino,28780,Si,3
3821,40,Femenino,63813,Si,3
3822,73,Femenino,22976,Si,4
3824,64,Masculino,26987,Si,1
3836,41,Masculino,37911,Si,3
3841,65,Femenino,41674,Si,3
3843,26,Femenino,22717,Si,3
3847,67,Femenino,3274,Si,3
3850,49,Masculino,39664,Si,5
3851,49,Femenino,98778,Si,2
3852,21,Femenino,86844,Si,3
3856,40,Masculino,2454,Si,1
3857,58,Masculino,99265,Si,5
3858,28,Femenino,53956,Si,4
3859,26,Femenino,91738,Si,3
3860,34,Femenino,0,Si,3
3863,24,Femenino,58030,Si,2
3865,38,Femenino,0,Si,5
3868,63,Femenino,96444,Si,3
3870,47,Femenino,12193,Si,5
3871,78,Femenino,7939,Si,5
3872,78,Masculino,0,Si,3
3876,49,Femenino,0,Si,2
3877,31,Femenino,6477,Si,5
3878,53,Femenino,93888,Si,5
3881,49,Masculino,36988,Si,4
3882,77,Masculino,78102,Si,3
3885,18,Femenino,74705,Si,1
3887,59,Masculino,61400,Si,4
3888,63,Femenino,0,Si,2
3890,49,Masculino,31518,Si,3
3891,53,Masculino,0,Si,4
3893,43,desconocido,90879,Si,3
3894,20,Masculino,38003,Si,2
3896,44,Masculino,74371,Si,3
3897,40,Femenino,45684,Si,3
3901,19,Masculino,39642,Si,2
3906,43,desconocido,85453,Si,5
3907,44,Masculino,40735,Si,3
3908,70,Masculino,22233,Si,2
3909,49,Femenino,13964,Si,3
3910,78,Masculino,68251,Si,3
3918,79,Femenino,18198,Si,4
3919,67,Masculino,13495,Si,2
3920,39,Femenino,13251,Si,4
3921,68,Femenino,74795,Si,5
3922,67,Masculino,6349,Si,5
3923,28,Femenino,19278,Si,5
3930,39,Femenino,71040,Si,4
3931,19,Femenino,91160,Si,3
3932,49,Femenino,31912,Si,2
3933,63,Masculino,58096,Si,2
3935,46,Masculino,43383,Si,2
3936,69,Femenino,0,Si,5
3938,43,Femenino,82649,Si,4
3940,21,Masculino,20193,Si,2
3941,76,Masculino,63873,Si,3
3943,19,Femenino,34758,Si,4
3944,71,Masculino,2466,Si,3
3945,19,Femenino,8976,Si,3
3946,43,desconocido,65401,Si,3
3948,47,Masculino,96968,Si,3
3949,29,Femenino,33212,Si,3
3953,33,Masculino,8702,Si,5
3956,52,Masculino,62606,Si,3
3957,40,Femenino,0,Si,2
3958,59,Femenino,45033,Si,2
3959,49,Femenino,92782,Si,1
3961,53,Femenino,32453,Si,2
3968,45,Masculino,37376,Si,3
3973,71,Femenino,89581,Si,3
3974,61,Femenino,22869,Si,3
3975,71,Femenino,20722,Si,3
3978,23,Masculino,8294,Si,3
3982,68,Masculino,50120,Si,4
3984,71,Femenino,82079,Si,5
3992,72,Masculino,44192,Si,4
3993,33,Femenino,45578,Si,5
3999,29,Masculino,40627,Si,4
4000,58,Femenino,72829,Si,3
4002,76,Femenino,26836,Si,5
4005,75,Masculino,38043,Si,4
4006,22,Masculino,79670,Si,1
4008,33,Femenino,62123,Si,1
4009,45,Femenino,2119,Si,5
4011,46,Masculino,60297,Si,1
4015,25,Masculino,9731,Si,3
4016,71,desconocido,73737,Si,1
4017,35,Masculino,83519,Si,4
4018,75,Masculino,5563,Si,3
4021,71,Femenino,65044,Si,1
4024,49,Masculino,0,Si,3
4025,73,Masculino,37440,Si,3
4027,53,Masculino,8670,Si,5
4029,40,Femenino,32120,Si,1
4036,72,Femenino,14842,Si,1
4039,42,Femenino,66540,Si,1
4042,49,Masculino,67262,Si,3
4044,76,Femenino,19778,Si,3
4045,74,desconocido,31871,Si,3
4046,28,Femenino,19340,Si,3
4048,29,Masculino,87099,Si,4
4049,28,Femenino,12878,Si,5
4052,53,Femenino,39801,Si,4
4058,49,Femenino,42041,Si,1
4066,35,Femenino,31336,Si,5
4070,29,Masculino,44111,Si,4
4073,49,Masculino,76266,Si,2
4077,33,Femenino,27552,Si,4
4078,66,Masculino,4550,Si,2
4081,33,Masculino,93181,Si,4
4083,62,Masculino,78728,Si,5
4084,59,Masculino,4062,Si,5
4086,63,Femenino,42529,Si,2
4091,74,Masculino,0,Si,3
4092,63,Masculino,86874,Si,3
4096,49,Femenino,53684,Si,2
4097,48,Masculino,53767,Si,3
4098,49,Femenino,5323,Si,1
4100,76,Masculino,37714,Si,3
4102,47,Masculino,6826,Si,2
4104,73,Femenino,65473,Si,1
4105,36,Masculino,74649,Si,5
4106,54,Femenino,29754,Si,2
4107,19,Femenino,0,Si,5
4112,33,Femenino,47526,Si,2
4113,35,Femenino,79642,Si,4
4114,77,desconocido,13446,Si,2
4118,48,Femenino,12565,Si,1
4129,38,Femenino,39048,Si,3
4130,49,desconocido,77905,Si,2
4132,37,Masculino,59252,Si,5
4135,56,Masculino,36251,Si,2
4136,20,Masculino,51941,Si,3
4137,25,Femenino,33300,Si,1
4140,23,Femenino,73639,Si,3
4141,47,Femenino,20189,Si,2
4142,65,Femenino,59317,Si,5
4143,57,Femenino,0,Si,5
4146,77,Femenino,61583,Si,3
4147,68,Femenino,88113,Si,1
4148,69,Femenino,49548,Si,4
4149,77,Masculino,73833,Si,3
4151,59,Masculino,11718,Si,5
4152,54,Masculino,96217,Si,4
4155,69,Femenino,24578,Si,1
4158,76,desconocido,41616,Si,5
4160,51,Masculino,1726,Si,5
4162,60,Masculino,96360,Si,2
4165,74,Femenino,12293,Si,3
4168,23,Masculino,38852,Si,5
4173,73,Masculino,91448,Si,3
4175,58,Masculino,7231,Si,4
4176,49,Masculino,57592,Si,3
4177,49,Masculino,87381,Si,3
4178,62,Femenino,0,Si,5
4179,63,Femenino,25776,Si,4
4184,56,Femenino,91280,Si,3
4185,30,Femenino,74565,Si,1
4187,41,Masculino,66462,Si,3
4189,21,Femenino,3585,Si,4
4191,41,Masculino,92674,Si,5
4193,21,Femenino,88649,Si,3
4195,36,Masculino,30501,Si,5
4196,49,Masculino,15722,Si,2
4197,67,Masculino,39366,Si,2
4205,75,Masculino,25444,Si,4
4214,51,Femenino,33284,Si,2
4217,51,Masculino,85519,Si,4
4219,68,Masculino,77680,Si,3
4220,32,desconocido,15927,Si,4
4222,56,Masculino,94361,Si,3
4223,23,Masculino,31884,Si,3
4226,62,Femenino,34717,Si,4
4227,46,desconocido,65285,Si,2
4229,46,Masculino,1543,Si,5
4230,69,Masculino,26419,Si,1
4233,61,Femenino,96040,Si,2
4234,49,Femenino,49179,Si,1
4235,68,Femenino,0,Si,4
4238,28,Femenino,98170,Si,3
4241,78,Femenino,86708,Si,5
4242,21,Masculino,0,Si,5
4244,25,Masculino,0,Si,3
4246,41,Masculino,1744,Si,1
4247,46,Femenino,10646,Si,4
4249,33,Masculino,89818,Si,5
4250,45,Masculino,53650,Si,1
4258,61,Femenino,83575,Si,5
4259,54,Femenino,10324,Si,5
4261,19,Femenino,91910,Si,4
4264,30,Femenino,20438,Si,3
4266,56,Masculino,51144,Si,2
4267,64,Femenino,50244,Si,3
4268,27,Femenino,98836,Si,3
4269,20,Masculino,83583,Si,1
4271,68,Masculino,61681,Si,5
4273,34,Masculino,26934,Si,2
4274,47,Femenino,82335,Si,4
4278,49,Femenino,66358,Si,1
4279,27,Masculino,47921,Si,1
4280,71,Masculino,52769,Si,1
4284,43,Femenino,51144,Si,2
4285,21,Femenino,0,Si,3
4286,49,Femenino,26999,Si,2
4287,50,Femenino,13155,Si,1
4288,65,Femenino,30598,Si,1
4289,77,Masculino,82848,Si,2
4290,34,Femenino,48568,Si,2
4291,78,Masculino,32278,Si,1
4294,37,desconocido,92675,Si,3
4297,18,Femenino,83910,Si,5
4300,69,Femenino,43325,Si,2
4301,68,Femenino,55732,Si,4
4302,30,desconocido,49361,Si,5
4304,61,Masculino,71768,Si,4
4305,62,Masculino,66986,Si,5
4306,26,Masculino,59944,Si,3
4309,56,Femenino,97886,Si,3
4315,49,Femenino,92905,Si,3
4316,32,Femenino,99395,Si,3
4321,28,Masculino,19106,Si,4
4322,53,Femenino,24044,Si,3
4323,49,Femenino,2503,Si,5
4326,43,Femenino,65079,Si,2
4329,62,Femenino,30516,Si,3
4330,34,Femenino,73731,Si,4
4334,58,Femenino,1791,Si,1
4337,49,Femenino,95581,Si,2
4350,74,Femenino,5632,Si,4
4358,72,Femenino,96005,Si,1
4362,62,Masculino,18038,Si,4
4363,43,Femenino,16037,Si,1
4369,43,Femenino,67281,Si,5
4370,27,Masculino,4077,Si,2
4371,38,Femenino,97332,Si,3
4372,71,Femenino,68173,Si,2
4376,55,Masculino,42578,Si,3
4379,54,Masculino,15406,Si,1
4381,25,Femenino,93701,Si,2
4388,57,Femenino,0,Si,4
4389,49,Masculino,23193,Si,3
4394,22,Femenino,19588,Si,3
4396,68,Femenino,9703,Si,5
4398,50,desconocido,0,Si,1
4403,29,Masculino,45705,Si,3
4404,37,Femenino,97418,Si,1
4407,74,Femenino,63525,Si,5
4411,41,Femenino,63315,Si,4
4412,57,Masculino,32690,Si,4
4413,49,Masculino,51464,Si,3
4415,49,desconocido,0,Si,4
4416,34,Femenino,64143,Si,3
4418,22,Femenino,98927,Si,4
4419,67,Masculino,0,Si,4
4422,65,Masculino,57990,Si,1
4423,34,Masculino,31955,Si,2
4428,43,Femenino,95354,Si,5
4429,35,Masculino,94390,Si,1
4430,70,desconocido,45399,Si,1
4431,79,Masculino,54171,Si,2
4434,44,Masculino,38488,Si,1
4437,62,Masculino,5984,Si,1
4439,70,Femenino,69410,Si,5
4442,64,Masculino,0,Si,4
4444,22,Femenino,18481,Si,5
4446,32,Masculino,59706,Si,1
4449,19,Masculino,82753,Si,1
4450,56,Femenino,92782,Si,5
4451,19,Masculino,90824,Si,2
4457,67,Masculino,0,Si,3
4459,71,Femenino,0,Si,3
4462,19,desconocido,24656,Si,3
4464,52,Femenino,89533,Si,2
4465,25,Femenino,37627,Si,4
4466,61,desconocido,14536,Si,1
4473,34,Femenino,67242,Si,3
4474,64,Masculino,85124,Si,4
4476,18,Masculino,0,Si,3
4480,67,Femenino,45533,Si,5
4481,43,Femenino,86590,Si,2
4485,56,Femenino,15031,Si,3
4487,49,Femenino,26031,Si,2
4488,75,Masculino,48044,Si,1
4490,51,Masculino,16672,Si,1
4495,33,Femenino,51419,Si,3
4497,67,Masculino,47145,Si,2
4503,45,Masculino,88243,Si,4
4505,76,Femenino,6429,Si,5
4507,56,Femenino,56070,Si,5
4508,42,Femenino,51931,Si,3
4509,36,Masculino,74213,Si,1
4510,64,Masculino,39665,Si,2
4512,37,Masculino,46088,Si,3
4513,49,desconocido,11363,Si,4
4514,33,Femenino,68223,Si,1
4518,67,Femenino,58183,Si,3
4519,49,Masculino,23650,Si,2
4520,45,desconocido,8403,Si,4
4521,26,Masculino,85220,Si,3
4522,32,Femenino,0,Si,1
4523,72,Masculino,34353,Si,4
4525,19,desconocido,99422,Si,3
4528,69,Masculino,44200,Si,4
4531,45,Femenino,91722,Si,3
4533,44,Femenino,6634,Si,1
4537,49,Femenino,57701,Si,2
4538,61,Femenino,74680,Si,5
4539,61,desconocido,17382,Si,2
4540,42,Masculino,26431,Si,3
4541,67,Masculino,40803,Si,1
4543,44,desconocido,76781,Si,1
4546,26,Masculino,5233,Si,3
4549,29,Femenino,15997,Si,3
4553,32,Masculino,92774,Si,4
4558,28,Femenino,84929,Si,2
4559,40,Femenino,67780,Si,4
4560,71,Masculino,56868,Si,1
4567,30,desconocido,75440,Si,3
4569,62,Femenino,79813,Si,5
4570,49,desconocido,66846,Si,3
4571,34,Femenino,0,Si,4
4573,45,Femenino,47166,Si,4
4575,64,Masculino,3912,Si,3
4580,76,Femenino,35416,Si,3
4583,42,Femenino,12951,Si,2
4585,66,Masculino,70499,Si,2
4588,56,Femenino,51889,Si,3
4591,32,Masculino,85445,Si,5
4593,49,Masculino,55063,Si,2
4595,49,Masculino,35500,Si,3
4598,43,Femenino,10026,Si,5
4602,61,Femenino,59532,Si,5
4606,35,Masculino,89840,Si,3
4607,66,Masculino,3828,Si,3
4609,75,Masculino,0,Si,2
4612,61,Masculino,42832,Si,1
4614,53,Femenino,17367,Si,3
4618,23,Masculino,54275,Si,3
4619,49,desconocido,11318,Si,2
4622,38,Femenino,0,Si,1
4628,32,Masculino,13986,Si,4
4629,71,Femenino,0,Si,5
4631,74,Masculino,24095,Si,1
4633,40,Femenino,99604,Si,3
4635,65,Masculino,62317,Si,4
4637,31,Masculino,22132,Si,3
4638,27,Masculino,60022,Si,3
4641,74,Femenino,56529,Si,1
4642,64,Femenino,29101,Si,4
4643,49,Masculino,43087,Si,3
4645,63,Femenino,22273,Si,4
4649,37,Masculino,40651,Si,4
4650,74,Femenino,54258,Si,3
4652,20,Masculino,19486,Si,4
4655,49,Masculino,10502,Si,3
4657,55,Femenino,5137,Si,5
4659,45,Femenino,20050,Si,3
4661,37,Femenino,0,Si,5
4666,42,desconocido,1543,Si,2
4667,43,Femenino,0,Si,3
4668,35,Masculino,0,Si,5
4669,53,Femenino,33296,Si,1
4671,46,Femenino,22371,Si,5
4672,49,desconocido,94997,Si,5
4673,48,Masculino,14705,Si,3
4679,60,Femenino,28919,Si,5
4680,38,Masculino,59516,Si,4
4682,72,Masculino,55206,Si,2
4687,29,Masculino,0,Si,2
4690,49,Femenino,0,Si,4
4692,26,Femenino,44045,Si,4
4696,53,Masculino,36126,Si,2
4697,57,Femenino,44113,Si,1
4699,61,desconocido,0,Si,3
4704,35,Femenino,47153,Si,1
4705,64,Femenino,31407,Si,3
4708,68,Femenino,27910,Si,5
4710,36,Masculino,26939,Si,5
4711,20,Femenino,99030,Si,5
4715,23,Femenino,70400,Si,5
4717,29,Femenino,47579,Si,1
4720,23,Femenino,27543,Si,3
4724,49,Masculino,46926,Si,2
4725,28,desconocido,94052,Si,5
4726,52,Masculino,22161,Si,4
4727,49,Masculino,98764,Si,3
4729,61,desconocido,54376,Si,3
4730,70,Femenino,30714,Si,5
4732,49,Femenino,93733,Si,3
4734,77,Masculino,86865,Si,2
4738,56,Femenino,4876,Si,2
4739,74,Femenino,18988,Si,5
4741,54,desconocido,67656,Si,4
4744,63,Femenino,19082,Si,3
4745,36,Masculino,0,Si,4
4746,70,Masculino,74391,Si,1
4749,37,Femenino,49642,Si,3
4751,74,Masculino,53275,Si,3
4753,71,Femenino,84538,Si,5
4754,27,Masculino,20388,Si,4
4756,19,Femenino,56786,Si,4
4757,33,Femenino,24036,Si,2
4760,48,desconocido,43199,Si,3
4761,19,Femenino,59777,Si,2
4762,50,Masculino,7991,Si,5
4764,54,Femenino,62390,Si,1
4765,52,Femenino,89392,Si,4
4766,49,Femenino,69269,Si,5
4767,62,Femenino,4888,Si,5
4768,75,Masculino,28070,Si,1
4769,32,Masculino,19911,Si,4
4771,44,Masculino,43311,Si,5
4772,41,Femenino,32211,Si,4
4776,67,desconocido,7921,Si,3
4778,64,Masculino,58731,Si,1
4779,49,Femenino,73081,Si,4
4780,27,Masculino,25857,Si,5
4781,51,Femenino,54951,Si,4
4787,35,desconocido,41366,Si,4
4789,61,Femenino,36137,Si,3
4792,49,Masculino,42409,Si,4
4794,46,Femenino,53253,Si,2
4797,49,Masculino,63332,Si,5
4799,79,Femenino,71193,Si,5
4800,75,Masculino,34461,Si,2
4801,62,Femenino,69050,Si,3
4803,65,Femenino,84921,Si,1
4805,35,desconocido,83885,Si,5
4806,34,Femenino,13987,Si,5
4807,23,Femenino,43746,Si,1
4809,35,Masculino,56701,Si,1
4810,54,Femenino,0,Si,2
4811,50,Femenino,0,Si,4
4813,20,Femenino,63302,Si,1
4814,55,Masculino,0,Si,2
4816,48,Femenino,52887,Si,5
4819,42,Masculino,1935,Si,2
4820,73,Femenino,0,Si,1
4824,66,desconocido,30283,Si,5
4832,75,desconocido,36697,Si,2
4833,27,Femenino,41805,Si,3
4834,29,Femenino,6183,Si,2
4835,53,Femenino,31294,Si,3
4836,47,Femenino,0,Si,2
4837,35,Femenino,0,Si,3
4838,26,Masculino,60897,Si,2
4839,21,Femenino,39325,Si,1
4841,73,Masculino,71246,Si,3
4842,59,Femenino,60620,Si,4
4844,49,Femenino,13097,Si,3
4847,39,Femenino,48191,Si,2
4848,29,Masculino,33082,Si,4
4850,56,desconocido,34364,Si,3
4851,42,Femenino,61844,Si,5
4853,21,Femenino,14171,Si,4
4858,66,Femenino,11930,Si,4
4860,49,Masculino,70640,Si,5
4862,72,Masculino,0,Si,3
4863,30,Femenino,82720,Si,2
4864,28,Masculino,62332,Si,3
4865,59,Masculino,57709,Si,4
4866,71,Femenino,50130,Si,5
4868,27,Masculino,81002,Si,4
4869,27,Femenino,62364,Si,4
4871,38,desconocido,55410,Si,5
4872,63,desconocido,90180,Si,4
4873,24,Femenino,7016,Si,4
4875,35,Femenino,12968,Si,1
4876,32,Femenino,9207,Si,3
4883,66,Femenino,36416,Si,5
4884,71,Femenino,22857,Si,4
4886,39,Femenino,92943,Si,5
4887,18,Masculino,0,Si,3
4893,57,desconocido,47598,Si,1
4894,52,Masculino,75346,Si,1
4896,48,Femenino,30238,Si,2
4897,63,Femenino,31477,Si,3
4898,66,Masculino,77560,Si,1
4899,60,Masculino,0,Si,5
4906,24,Femenino,19930,Si,4
4911,40,Masculino,0,Si,2
4912,31,Femenino,32321,Si,4
4914,39,Masculino,32470,Si,5
4915,43,Masculino,0,Si,3
4918,65,Femenino,0,Si,1
4919,20,Femenino,46651,Si,4
4920,32,Masculino,16447,Si,5
4921,42,Femenino,46385,Si,2
4923,39,Masculino,68161,Si,4
4927,49,Femenino,93182,Si,5
4929,70,Masculino,22050,Si,1
4931,29,Masculino,23605,Si,1
4932,39,Masculino,85058,Si,1
4934,38,Masculino,77108,Si,1
4935,42,Femenino,65561,Si,3
4938,47,Masculino,83899,Si,3
4940,68,Femenino,42961,Si,3
4941,58,Masculino,33565,Si,4
4942,23,Femenino,0,Si,3
4943,41,Femenino,75428,Si,3
4944,75,Femenino,66957,Si,1
4948,78,Masculino,0,Si,5
4957,49,Femenino,86550,Si,1
4958,39,Masculino,38943,Si,5
4959,51,Masculino,22903,Si,5
4960,29,Masculino,76659,Si,3
4961,31,Femenino,0,Si,3
4962,28,Femenino,63536,Si,3
4963,74,desconocido,17290,Si,3
4968,49,Masculino,37280,Si,3
4969,56,Masculino,68534,Si,2
4970,52,Masculino,71265,Si,1
4978,53,Masculino,99739,Si,3
4979,49,Femenino,19830,Si,1
4981,69,Masculino,80919,Si,2
4982,75,Masculino,48911,Si,2
4984,41,Masculino,50991,Si,5
4986,61,Femenino,50040,Si,1
4987,68,Femenino,7529,Si,1
4990,48,Femenino,16104,Si,3
4998,35,Masculino,32090,Si,4
4999,32,Femenino,33253,Si,2
